-- =============================================
-- V2: Seed data for development / demo
-- =============================================

-- ========== SUBJECTS & TOPICS ==========

INSERT INTO subjects (id, name, code, description, is_default, is_active) VALUES
  ('a0000000-0000-0000-0000-000000000001', 'Mathematics', 'MATH', 'Core mathematics curriculum', true, true),
  ('a0000000-0000-0000-0000-000000000002', 'Science',     'SCI',  'General science curriculum',  true, true),
  ('a0000000-0000-0000-0000-000000000003', 'English',     'ENG',  'English language and literature', true, true),
  ('a0000000-0000-0000-0000-000000000004', 'History',     'HIST', 'World and local history', true, true),
  ('a0000000-0000-0000-0000-000000000005', 'ICT',         'ICT',  'Information and communication technology', true, true),
  ('a0000000-0000-0000-0000-000000000006', 'Physics',     'PHY',  'Physics: mechanics, thermodynamics, waves, electricity', true, true);

-- Math topics
INSERT INTO topics (id, subject_id, name, code, description, is_default, is_active) VALUES
  ('b0000000-0000-0000-0000-000000000001', 'a0000000-0000-0000-0000-000000000001', 'Algebra',       'MATH-ALG',  'Algebraic expressions and equations', true, true),
  ('b0000000-0000-0000-0000-000000000002', 'a0000000-0000-0000-0000-000000000001', 'Geometry',      'MATH-GEO',  'Shapes, angles, and spatial reasoning', true, true),
  ('b0000000-0000-0000-0000-000000000003', 'a0000000-0000-0000-0000-000000000001', 'Statistics',    'MATH-STAT', 'Data analysis and probability', true, true),
  ('b0000000-0000-0000-0000-000000000004', 'a0000000-0000-0000-0000-000000000001', 'Trigonometry',  'MATH-TRIG', 'Trigonometric functions and identities', true, true);

-- Science topics
INSERT INTO topics (id, subject_id, name, code, description, is_default, is_active) VALUES
  ('b0000000-0000-0000-0000-000000000005', 'a0000000-0000-0000-0000-000000000002', 'Chemistry',  'SCI-CHEM', 'Matter, reactions, and elements', true, true),
  ('b0000000-0000-0000-0000-000000000006', 'a0000000-0000-0000-0000-000000000002', 'Biology',    'SCI-BIO',  'Living organisms and ecosystems', true, true);

-- Physics topics
INSERT INTO topics (id, subject_id, name, code, description, is_default, is_active) VALUES
  ('b0000000-0000-0000-0000-000000000007', 'a0000000-0000-0000-0000-000000000006', 'Mechanics',        'PHY-MECH',  'Forces, motion, and energy', true, true),
  ('b0000000-0000-0000-0000-000000000008', 'a0000000-0000-0000-0000-000000000006', 'Thermodynamics',   'PHY-THERM', 'Heat, temperature, and energy transfer', true, true),
  ('b0000000-0000-0000-0000-000000000009', 'a0000000-0000-0000-0000-000000000006', 'Waves & Optics',   'PHY-WAVE',  'Wave properties, light, and sound', true, true),
  ('b0000000-0000-0000-0000-00000000000a', 'a0000000-0000-0000-0000-000000000006', 'Electricity',      'PHY-ELEC',  'Circuits, current, and electromagnetism', true, true);

-- ========== USERS ==========
-- Admin
INSERT INTO users (id, keycloak_id, email, first_name, last_name, is_active) VALUES
  ('10000000-0000-0000-0000-000000000001', 'kc-admin-001', 'admin@spm.local', 'System', 'Admin', true);
INSERT INTO user_roles (user_id, role) VALUES ('10000000-0000-0000-0000-000000000001', 'ADMIN');
INSERT INTO admins (id, user_id) VALUES ('20000000-0000-0000-0000-000000000001', '10000000-0000-0000-0000-000000000001');

-- Teacher 1: Ms. Lim (Math)
INSERT INTO users (id, keycloak_id, email, first_name, last_name, is_active) VALUES
  ('10000000-0000-0000-0000-000000000002', 'kc-teacher1-001', 'teacher1@spm.local', 'Sarah', 'Lim', true);
INSERT INTO user_roles (user_id, role) VALUES ('10000000-0000-0000-0000-000000000002', 'TEACHER');
INSERT INTO teachers (id, user_id, specialization, bio) VALUES
  ('30000000-0000-0000-0000-000000000001', '10000000-0000-0000-0000-000000000002', 'Mathematics', 'Experienced math teacher with 10 years of teaching.');

-- Teacher 2: Mr. Tan (Physics)
INSERT INTO users (id, keycloak_id, email, first_name, last_name, is_active) VALUES
  ('10000000-0000-0000-0000-000000000003', 'kc-teacher2-001', 'teacher2@spm.local', 'James', 'Tan', true);
INSERT INTO user_roles (user_id, role) VALUES ('10000000-0000-0000-0000-000000000003', 'TEACHER');
INSERT INTO teachers (id, user_id, specialization, bio) VALUES
  ('30000000-0000-0000-0000-000000000002', '10000000-0000-0000-0000-000000000003', 'Physics', 'Physics enthusiast specialising in mechanics and waves.');

-- Parent 1
INSERT INTO users (id, keycloak_id, email, first_name, last_name, is_active) VALUES
  ('10000000-0000-0000-0000-000000000004', 'kc-parent1-001', 'parent1@spm.local', 'David', 'Wong', true);
INSERT INTO user_roles (user_id, role) VALUES ('10000000-0000-0000-0000-000000000004', 'PARENT');
INSERT INTO parents (id, user_id) VALUES ('40000000-0000-0000-0000-000000000001', '10000000-0000-0000-0000-000000000004');

-- Parent 2
INSERT INTO users (id, keycloak_id, email, first_name, last_name, is_active) VALUES
  ('10000000-0000-0000-0000-000000000005', 'kc-parent2-001', 'parent2@spm.local', 'Linda', 'Chen', true);
INSERT INTO user_roles (user_id, role) VALUES ('10000000-0000-0000-0000-000000000005', 'PARENT');
INSERT INTO parents (id, user_id) VALUES ('40000000-0000-0000-0000-000000000002', '10000000-0000-0000-0000-000000000005');

-- ========== STUDENTS ==========
-- GOOD performers: names start with "Good" so it's obvious
-- POOR performers: names start with "Struggling"

-- Math class students (6 students) — 4 good, 2 struggling
INSERT INTO users (id, keycloak_id, email, first_name, last_name, is_active) VALUES
  ('10000000-0000-0000-0000-000000000010', 'kc-student01', 'student1@spm.local',  'GoodStudent',       'Alice',   true),
  ('10000000-0000-0000-0000-000000000011', 'kc-student02', 'student2@spm.local',  'GoodStudent',       'Ben',     true),
  ('10000000-0000-0000-0000-000000000012', 'kc-student03', 'student3@spm.local',  'GoodStudent',       'Clara',   true),
  ('10000000-0000-0000-0000-000000000013', 'kc-student04', 'student4@spm.local',  'GoodStudent',       'Daniel',  true),
  ('10000000-0000-0000-0000-000000000014', 'kc-student05', 'student5@spm.local',  'StrugglingStudent', 'Ethan',   true),
  ('10000000-0000-0000-0000-000000000015', 'kc-student06', 'student6@spm.local',  'StrugglingStudent', 'Fiona',   true);

-- Physics class students (4 students) — 2 good, 2 struggling
INSERT INTO users (id, keycloak_id, email, first_name, last_name, is_active) VALUES
  ('10000000-0000-0000-0000-000000000016', 'kc-student07', 'student7@spm.local',  'GoodStudent',       'Grace',   true),
  ('10000000-0000-0000-0000-000000000017', 'kc-student08', 'student8@spm.local',  'GoodStudent',       'Henry',   true),
  ('10000000-0000-0000-0000-000000000018', 'kc-student09', 'student9@spm.local',  'StrugglingStudent', 'Irene',   true),
  ('10000000-0000-0000-0000-000000000019', 'kc-student10', 'student10@spm.local', 'StrugglingStudent', 'Jack',    true);

INSERT INTO user_roles (user_id, role) VALUES
  ('10000000-0000-0000-0000-000000000010', 'STUDENT'),
  ('10000000-0000-0000-0000-000000000011', 'STUDENT'),
  ('10000000-0000-0000-0000-000000000012', 'STUDENT'),
  ('10000000-0000-0000-0000-000000000013', 'STUDENT'),
  ('10000000-0000-0000-0000-000000000014', 'STUDENT'),
  ('10000000-0000-0000-0000-000000000015', 'STUDENT'),
  ('10000000-0000-0000-0000-000000000016', 'STUDENT'),
  ('10000000-0000-0000-0000-000000000017', 'STUDENT'),
  ('10000000-0000-0000-0000-000000000018', 'STUDENT'),
  ('10000000-0000-0000-0000-000000000019', 'STUDENT');

INSERT INTO students (id, user_id, parent_id, date_of_birth, enrollment_date, grade) VALUES
  ('50000000-0000-0000-0000-000000000001', '10000000-0000-0000-0000-000000000010', '40000000-0000-0000-0000-000000000001', '2010-03-15', '2025-01-10', 'Grade 10'),
  ('50000000-0000-0000-0000-000000000002', '10000000-0000-0000-0000-000000000011', '40000000-0000-0000-0000-000000000001', '2010-07-22', '2025-01-10', 'Grade 10'),
  ('50000000-0000-0000-0000-000000000003', '10000000-0000-0000-0000-000000000012', '40000000-0000-0000-0000-000000000002', '2010-11-05', '2025-01-10', 'Grade 10'),
  ('50000000-0000-0000-0000-000000000004', '10000000-0000-0000-0000-000000000013', NULL,                                   '2010-01-30', '2025-01-10', 'Grade 10'),
  ('50000000-0000-0000-0000-000000000005', '10000000-0000-0000-0000-000000000014', NULL,                                   '2010-09-12', '2025-01-10', 'Grade 10'),
  ('50000000-0000-0000-0000-000000000006', '10000000-0000-0000-0000-000000000015', '40000000-0000-0000-0000-000000000002', '2010-05-18', '2025-01-10', 'Grade 10'),
  ('50000000-0000-0000-0000-000000000007', '10000000-0000-0000-0000-000000000016', '40000000-0000-0000-0000-000000000001', '2010-02-28', '2025-01-10', 'Grade 10'),
  ('50000000-0000-0000-0000-000000000008', '10000000-0000-0000-0000-000000000017', NULL,                                   '2010-08-14', '2025-01-10', 'Grade 10'),
  ('50000000-0000-0000-0000-000000000009', '10000000-0000-0000-0000-000000000018', '40000000-0000-0000-0000-000000000002', '2010-12-01', '2025-01-10', 'Grade 10'),
  ('50000000-0000-0000-0000-000000000010', '10000000-0000-0000-0000-000000000019', NULL,                                   '2010-04-25', '2025-01-10', 'Grade 10');

-- ========== CLASSES ==========
-- Math class (Ms. Lim) — 6 students
INSERT INTO classes (id, name, subject_id, teacher_id, description, max_students, is_active) VALUES
  ('60000000-0000-0000-0000-000000000001', 'Math 10A', 'a0000000-0000-0000-0000-000000000001', '30000000-0000-0000-0000-000000000001', 'Grade 10 Mathematics class A', 30, true);

-- Physics class (Mr. Tan) — 4 students
INSERT INTO classes (id, name, subject_id, teacher_id, description, max_students, is_active) VALUES
  ('60000000-0000-0000-0000-000000000002', 'Physics 10B', 'a0000000-0000-0000-0000-000000000006', '30000000-0000-0000-0000-000000000002', 'Grade 10 Physics class B', 30, true);

-- ========== ENROLLMENTS ==========
-- Math class: students 1-6
INSERT INTO class_students (id, class_id, student_id, enrollment_date, status) VALUES
  ('70000000-0000-0000-0000-000000000001', '60000000-0000-0000-0000-000000000001', '50000000-0000-0000-0000-000000000001', '2025-01-10', 'ACTIVE'),
  ('70000000-0000-0000-0000-000000000002', '60000000-0000-0000-0000-000000000001', '50000000-0000-0000-0000-000000000002', '2025-01-10', 'ACTIVE'),
  ('70000000-0000-0000-0000-000000000003', '60000000-0000-0000-0000-000000000001', '50000000-0000-0000-0000-000000000003', '2025-01-10', 'ACTIVE'),
  ('70000000-0000-0000-0000-000000000004', '60000000-0000-0000-0000-000000000001', '50000000-0000-0000-0000-000000000004', '2025-01-10', 'ACTIVE'),
  ('70000000-0000-0000-0000-000000000005', '60000000-0000-0000-0000-000000000001', '50000000-0000-0000-0000-000000000005', '2025-01-10', 'ACTIVE'),
  ('70000000-0000-0000-0000-000000000006', '60000000-0000-0000-0000-000000000001', '50000000-0000-0000-0000-000000000006', '2025-01-10', 'ACTIVE');

-- Physics class: students 7-10
INSERT INTO class_students (id, class_id, student_id, enrollment_date, status) VALUES
  ('70000000-0000-0000-0000-000000000007', '60000000-0000-0000-0000-000000000002', '50000000-0000-0000-0000-000000000007', '2025-01-10', 'ACTIVE'),
  ('70000000-0000-0000-0000-000000000008', '60000000-0000-0000-0000-000000000002', '50000000-0000-0000-0000-000000000008', '2025-01-10', 'ACTIVE'),
  ('70000000-0000-0000-0000-000000000009', '60000000-0000-0000-0000-000000000002', '50000000-0000-0000-0000-000000000009', '2025-01-10', 'ACTIVE'),
  ('70000000-0000-0000-0000-000000000010', '60000000-0000-0000-0000-000000000002', '50000000-0000-0000-0000-000000000010', '2025-01-10', 'ACTIVE');

-- ========== TEST SCORES ==========
-- Abbreviations:
--   t1_uid = teacher1 user id = 10000000-0000-0000-0000-000000000002
--   t2_uid = teacher2 user id = 10000000-0000-0000-0000-000000000003
--   t1 = teacher1 id = 30000000-0000-0000-0000-000000000001
--   t2 = teacher2 id = 30000000-0000-0000-0000-000000000002
--   c1 = math class  = 60000000-0000-0000-0000-000000000001
--   c2 = physics class = 60000000-0000-0000-0000-000000000002
--   Math topics: ALG=b..01, GEO=b..02, STAT=b..03, TRIG=b..04
--   Physics topics: MECH=b..07, THERM=b..08, WAVE=b..09, ELEC=b..0a

-- ============================================================
-- MATH CLASS — GoodStudent Alice (student 01) — scores: 85, 90, 88
-- ============================================================
INSERT INTO test_scores (id, student_id, class_id, teacher_id, test_name, test_date, overall_score, max_score, created_by, updated_by) VALUES
  ('80000000-0000-0000-0001-000000000001', '50000000-0000-0000-0000-000000000001', '60000000-0000-0000-0000-000000000001', '30000000-0000-0000-0000-000000000001', 'Math Quiz 1',    '2025-02-10', 85, 100, '10000000-0000-0000-0000-000000000002', '10000000-0000-0000-0000-000000000002'),
  ('80000000-0000-0000-0001-000000000002', '50000000-0000-0000-0000-000000000001', '60000000-0000-0000-0000-000000000001', '30000000-0000-0000-0000-000000000001', 'Math Midterm',   '2025-03-15', 90, 100, '10000000-0000-0000-0000-000000000002', '10000000-0000-0000-0000-000000000002'),
  ('80000000-0000-0000-0001-000000000003', '50000000-0000-0000-0000-000000000001', '60000000-0000-0000-0000-000000000001', '30000000-0000-0000-0000-000000000001', 'Math Quiz 2',    '2025-04-20', 88, 100, '10000000-0000-0000-0000-000000000002', '10000000-0000-0000-0000-000000000002');

-- Questions & sub-questions for Alice's tests
INSERT INTO questions (id, test_score_id, question_number, max_score) VALUES
  ('90000000-0000-0000-0001-000000000001', '80000000-0000-0000-0001-000000000001', 'Q1', 50),
  ('90000000-0000-0000-0001-000000000002', '80000000-0000-0000-0001-000000000001', 'Q2', 50),
  ('90000000-0000-0000-0001-000000000003', '80000000-0000-0000-0001-000000000002', 'Q1', 50),
  ('90000000-0000-0000-0001-000000000004', '80000000-0000-0000-0001-000000000002', 'Q2', 50),
  ('90000000-0000-0000-0001-000000000005', '80000000-0000-0000-0001-000000000003', 'Q1', 50),
  ('90000000-0000-0000-0001-000000000006', '80000000-0000-0000-0001-000000000003', 'Q2', 50);

INSERT INTO sub_questions (id, question_id, sub_question_label, score, max_score, topic_id) VALUES
  ('a0000001-0001-0000-0000-000000000001', '90000000-0000-0000-0001-000000000001', 'a', 22, 25, 'b0000000-0000-0000-0000-000000000001'),
  ('a0000001-0001-0000-0000-000000000002', '90000000-0000-0000-0001-000000000001', 'b', 20, 25, 'b0000000-0000-0000-0000-000000000002'),
  ('a0000001-0001-0000-0000-000000000003', '90000000-0000-0000-0001-000000000002', 'a', 23, 25, 'b0000000-0000-0000-0000-000000000003'),
  ('a0000001-0001-0000-0000-000000000004', '90000000-0000-0000-0001-000000000002', 'b', 20, 25, 'b0000000-0000-0000-0000-000000000004'),
  ('a0000001-0001-0000-0000-000000000005', '90000000-0000-0000-0001-000000000003', 'a', 24, 25, 'b0000000-0000-0000-0000-000000000001'),
  ('a0000001-0001-0000-0000-000000000006', '90000000-0000-0000-0001-000000000003', 'b', 21, 25, 'b0000000-0000-0000-0000-000000000002'),
  ('a0000001-0001-0000-0000-000000000007', '90000000-0000-0000-0001-000000000004', 'a', 24, 25, 'b0000000-0000-0000-0000-000000000003'),
  ('a0000001-0001-0000-0000-000000000008', '90000000-0000-0000-0001-000000000004', 'b', 21, 25, 'b0000000-0000-0000-0000-000000000001'),
  ('a0000001-0001-0000-0000-000000000009', '90000000-0000-0000-0001-000000000005', 'a', 23, 25, 'b0000000-0000-0000-0000-000000000002'),
  ('a0000001-0001-0000-0000-00000000000a', '90000000-0000-0000-0001-000000000005', 'b', 22, 25, 'b0000000-0000-0000-0000-000000000004'),
  ('a0000001-0001-0000-0000-00000000000b', '90000000-0000-0000-0001-000000000006', 'a', 22, 25, 'b0000000-0000-0000-0000-000000000001'),
  ('a0000001-0001-0000-0000-00000000000c', '90000000-0000-0000-0001-000000000006', 'b', 21, 25, 'b0000000-0000-0000-0000-000000000003');

-- ============================================================
-- MATH CLASS — GoodStudent Ben (student 02) — scores: 82, 87, 91
-- ============================================================
INSERT INTO test_scores (id, student_id, class_id, teacher_id, test_name, test_date, overall_score, max_score, created_by, updated_by) VALUES
  ('80000000-0000-0000-0002-000000000001', '50000000-0000-0000-0000-000000000002', '60000000-0000-0000-0000-000000000001', '30000000-0000-0000-0000-000000000001', 'Math Quiz 1',  '2025-02-10', 82, 100, '10000000-0000-0000-0000-000000000002', '10000000-0000-0000-0000-000000000002'),
  ('80000000-0000-0000-0002-000000000002', '50000000-0000-0000-0000-000000000002', '60000000-0000-0000-0000-000000000001', '30000000-0000-0000-0000-000000000001', 'Math Midterm', '2025-03-15', 87, 100, '10000000-0000-0000-0000-000000000002', '10000000-0000-0000-0000-000000000002'),
  ('80000000-0000-0000-0002-000000000003', '50000000-0000-0000-0000-000000000002', '60000000-0000-0000-0000-000000000001', '30000000-0000-0000-0000-000000000001', 'Math Quiz 2',  '2025-04-20', 91, 100, '10000000-0000-0000-0000-000000000002', '10000000-0000-0000-0000-000000000002');

INSERT INTO questions (id, test_score_id, question_number, max_score) VALUES
  ('90000000-0000-0000-0002-000000000001', '80000000-0000-0000-0002-000000000001', 'Q1', 50),
  ('90000000-0000-0000-0002-000000000002', '80000000-0000-0000-0002-000000000001', 'Q2', 50),
  ('90000000-0000-0000-0002-000000000003', '80000000-0000-0000-0002-000000000002', 'Q1', 50),
  ('90000000-0000-0000-0002-000000000004', '80000000-0000-0000-0002-000000000002', 'Q2', 50),
  ('90000000-0000-0000-0002-000000000005', '80000000-0000-0000-0002-000000000003', 'Q1', 50),
  ('90000000-0000-0000-0002-000000000006', '80000000-0000-0000-0002-000000000003', 'Q2', 50);

INSERT INTO sub_questions (id, question_id, sub_question_label, score, max_score, topic_id) VALUES
  ('a0000002-0001-0000-0000-000000000001', '90000000-0000-0000-0002-000000000001', 'a', 21, 25, 'b0000000-0000-0000-0000-000000000001'),
  ('a0000002-0001-0000-0000-000000000002', '90000000-0000-0000-0002-000000000001', 'b', 20, 25, 'b0000000-0000-0000-0000-000000000002'),
  ('a0000002-0001-0000-0000-000000000003', '90000000-0000-0000-0002-000000000002', 'a', 19, 25, 'b0000000-0000-0000-0000-000000000003'),
  ('a0000002-0001-0000-0000-000000000004', '90000000-0000-0000-0002-000000000002', 'b', 22, 25, 'b0000000-0000-0000-0000-000000000004'),
  ('a0000002-0001-0000-0000-000000000005', '90000000-0000-0000-0002-000000000003', 'a', 22, 25, 'b0000000-0000-0000-0000-000000000001'),
  ('a0000002-0001-0000-0000-000000000006', '90000000-0000-0000-0002-000000000003', 'b', 21, 25, 'b0000000-0000-0000-0000-000000000002'),
  ('a0000002-0001-0000-0000-000000000007', '90000000-0000-0000-0002-000000000004', 'a', 23, 25, 'b0000000-0000-0000-0000-000000000001'),
  ('a0000002-0001-0000-0000-000000000008', '90000000-0000-0000-0002-000000000004', 'b', 21, 25, 'b0000000-0000-0000-0000-000000000003'),
  ('a0000002-0001-0000-0000-000000000009', '90000000-0000-0000-0002-000000000005', 'a', 24, 25, 'b0000000-0000-0000-0000-000000000002'),
  ('a0000002-0001-0000-0000-00000000000a', '90000000-0000-0000-0002-000000000005', 'b', 22, 25, 'b0000000-0000-0000-0000-000000000004'),
  ('a0000002-0001-0000-0000-00000000000b', '90000000-0000-0000-0002-000000000006', 'a', 24, 25, 'b0000000-0000-0000-0000-000000000001'),
  ('a0000002-0001-0000-0000-00000000000c', '90000000-0000-0000-0002-000000000006', 'b', 21, 25, 'b0000000-0000-0000-0000-000000000003');

-- ============================================================
-- MATH CLASS — GoodStudent Clara (student 03) — scores: 78, 84, 86
-- ============================================================
INSERT INTO test_scores (id, student_id, class_id, teacher_id, test_name, test_date, overall_score, max_score, created_by, updated_by) VALUES
  ('80000000-0000-0000-0003-000000000001', '50000000-0000-0000-0000-000000000003', '60000000-0000-0000-0000-000000000001', '30000000-0000-0000-0000-000000000001', 'Math Quiz 1',  '2025-02-10', 78, 100, '10000000-0000-0000-0000-000000000002', '10000000-0000-0000-0000-000000000002'),
  ('80000000-0000-0000-0003-000000000002', '50000000-0000-0000-0000-000000000003', '60000000-0000-0000-0000-000000000001', '30000000-0000-0000-0000-000000000001', 'Math Midterm', '2025-03-15', 84, 100, '10000000-0000-0000-0000-000000000002', '10000000-0000-0000-0000-000000000002'),
  ('80000000-0000-0000-0003-000000000003', '50000000-0000-0000-0000-000000000003', '60000000-0000-0000-0000-000000000001', '30000000-0000-0000-0000-000000000001', 'Math Quiz 2',  '2025-04-20', 86, 100, '10000000-0000-0000-0000-000000000002', '10000000-0000-0000-0000-000000000002');
INSERT INTO questions (id, test_score_id, question_number, max_score) VALUES
  ('90000000-0000-0000-0003-000000000001', '80000000-0000-0000-0003-000000000001', 'Q1', 50),
  ('90000000-0000-0000-0003-000000000002', '80000000-0000-0000-0003-000000000001', 'Q2', 50),
  ('90000000-0000-0000-0003-000000000003', '80000000-0000-0000-0003-000000000002', 'Q1', 50),
  ('90000000-0000-0000-0003-000000000004', '80000000-0000-0000-0003-000000000002', 'Q2', 50),
  ('90000000-0000-0000-0003-000000000005', '80000000-0000-0000-0003-000000000003', 'Q1', 50),
  ('90000000-0000-0000-0003-000000000006', '80000000-0000-0000-0003-000000000003', 'Q2', 50);
INSERT INTO sub_questions (id, question_id, sub_question_label, score, max_score, topic_id) VALUES
  ('a0000003-0001-0000-0000-000000000001', '90000000-0000-0000-0003-000000000001', 'a', 20, 25, 'b0000000-0000-0000-0000-000000000001'),
  ('a0000003-0001-0000-0000-000000000002', '90000000-0000-0000-0003-000000000001', 'b', 19, 25, 'b0000000-0000-0000-0000-000000000002'),
  ('a0000003-0001-0000-0000-000000000003', '90000000-0000-0000-0003-000000000002', 'a', 18, 25, 'b0000000-0000-0000-0000-000000000003'),
  ('a0000003-0001-0000-0000-000000000004', '90000000-0000-0000-0003-000000000002', 'b', 20, 25, 'b0000000-0000-0000-0000-000000000004'),
  ('a0000003-0001-0000-0000-000000000005', '90000000-0000-0000-0003-000000000003', 'a', 22, 25, 'b0000000-0000-0000-0000-000000000001'),
  ('a0000003-0001-0000-0000-000000000006', '90000000-0000-0000-0003-000000000003', 'b', 20, 25, 'b0000000-0000-0000-0000-000000000002'),
  ('a0000003-0001-0000-0000-000000000007', '90000000-0000-0000-0003-000000000004', 'a', 22, 25, 'b0000000-0000-0000-0000-000000000001'),
  ('a0000003-0001-0000-0000-000000000008', '90000000-0000-0000-0003-000000000004', 'b', 20, 25, 'b0000000-0000-0000-0000-000000000003'),
  ('a0000003-0001-0000-0000-000000000009', '90000000-0000-0000-0003-000000000005', 'a', 22, 25, 'b0000000-0000-0000-0000-000000000002'),
  ('a0000003-0001-0000-0000-00000000000a', '90000000-0000-0000-0003-000000000005', 'b', 21, 25, 'b0000000-0000-0000-0000-000000000004'),
  ('a0000003-0001-0000-0000-00000000000b', '90000000-0000-0000-0003-000000000006', 'a', 22, 25, 'b0000000-0000-0000-0000-000000000001'),
  ('a0000003-0001-0000-0000-00000000000c', '90000000-0000-0000-0003-000000000006', 'b', 21, 25, 'b0000000-0000-0000-0000-000000000003');

-- ============================================================
-- MATH CLASS — GoodStudent Daniel (student 04) — scores: 80, 83, 85
-- ============================================================
INSERT INTO test_scores (id, student_id, class_id, teacher_id, test_name, test_date, overall_score, max_score, created_by, updated_by) VALUES
  ('80000000-0000-0000-0004-000000000001', '50000000-0000-0000-0000-000000000004', '60000000-0000-0000-0000-000000000001', '30000000-0000-0000-0000-000000000001', 'Math Quiz 1',  '2025-02-10', 80, 100, '10000000-0000-0000-0000-000000000002', '10000000-0000-0000-0000-000000000002'),
  ('80000000-0000-0000-0004-000000000002', '50000000-0000-0000-0000-000000000004', '60000000-0000-0000-0000-000000000001', '30000000-0000-0000-0000-000000000001', 'Math Midterm', '2025-03-15', 83, 100, '10000000-0000-0000-0000-000000000002', '10000000-0000-0000-0000-000000000002'),
  ('80000000-0000-0000-0004-000000000003', '50000000-0000-0000-0000-000000000004', '60000000-0000-0000-0000-000000000001', '30000000-0000-0000-0000-000000000001', 'Math Quiz 2',  '2025-04-20', 85, 100, '10000000-0000-0000-0000-000000000002', '10000000-0000-0000-0000-000000000002');
INSERT INTO questions (id, test_score_id, question_number, max_score) VALUES
  ('90000000-0000-0000-0004-000000000001', '80000000-0000-0000-0004-000000000001', 'Q1', 50),
  ('90000000-0000-0000-0004-000000000002', '80000000-0000-0000-0004-000000000001', 'Q2', 50),
  ('90000000-0000-0000-0004-000000000003', '80000000-0000-0000-0004-000000000002', 'Q1', 50),
  ('90000000-0000-0000-0004-000000000004', '80000000-0000-0000-0004-000000000002', 'Q2', 50),
  ('90000000-0000-0000-0004-000000000005', '80000000-0000-0000-0004-000000000003', 'Q1', 50),
  ('90000000-0000-0000-0004-000000000006', '80000000-0000-0000-0004-000000000003', 'Q2', 50);
INSERT INTO sub_questions (id, question_id, sub_question_label, score, max_score, topic_id) VALUES
  ('a0000004-0001-0000-0000-000000000001', '90000000-0000-0000-0004-000000000001', 'a', 20, 25, 'b0000000-0000-0000-0000-000000000001'),
  ('a0000004-0001-0000-0000-000000000002', '90000000-0000-0000-0004-000000000001', 'b', 20, 25, 'b0000000-0000-0000-0000-000000000002'),
  ('a0000004-0001-0000-0000-000000000003', '90000000-0000-0000-0004-000000000002', 'a', 18, 25, 'b0000000-0000-0000-0000-000000000003'),
  ('a0000004-0001-0000-0000-000000000004', '90000000-0000-0000-0004-000000000002', 'b', 21, 25, 'b0000000-0000-0000-0000-000000000004'),
  ('a0000004-0001-0000-0000-000000000005', '90000000-0000-0000-0004-000000000003', 'a', 21, 25, 'b0000000-0000-0000-0000-000000000001'),
  ('a0000004-0001-0000-0000-000000000006', '90000000-0000-0000-0004-000000000003', 'b', 19, 25, 'b0000000-0000-0000-0000-000000000002'),
  ('a0000004-0001-0000-0000-000000000007', '90000000-0000-0000-0004-000000000004', 'a', 22, 25, 'b0000000-0000-0000-0000-000000000001'),
  ('a0000004-0001-0000-0000-000000000008', '90000000-0000-0000-0004-000000000004', 'b', 20, 25, 'b0000000-0000-0000-0000-000000000003'),
  ('a0000004-0001-0000-0000-000000000009', '90000000-0000-0000-0004-000000000005', 'a', 22, 25, 'b0000000-0000-0000-0000-000000000002'),
  ('a0000004-0001-0000-0000-00000000000a', '90000000-0000-0000-0004-000000000005', 'b', 21, 25, 'b0000000-0000-0000-0000-000000000004'),
  ('a0000004-0001-0000-0000-00000000000b', '90000000-0000-0000-0004-000000000006', 'a', 21, 25, 'b0000000-0000-0000-0000-000000000001'),
  ('a0000004-0001-0000-0000-00000000000c', '90000000-0000-0000-0004-000000000006', 'b', 21, 25, 'b0000000-0000-0000-0000-000000000003');

-- ============================================================
-- MATH CLASS — StrugglingStudent Ethan (student 05) — scores: 35, 42, 38
-- ============================================================
INSERT INTO test_scores (id, student_id, class_id, teacher_id, test_name, test_date, overall_score, max_score, created_by, updated_by) VALUES
  ('80000000-0000-0000-0005-000000000001', '50000000-0000-0000-0000-000000000005', '60000000-0000-0000-0000-000000000001', '30000000-0000-0000-0000-000000000001', 'Math Quiz 1',  '2025-02-10', 35, 100, '10000000-0000-0000-0000-000000000002', '10000000-0000-0000-0000-000000000002'),
  ('80000000-0000-0000-0005-000000000002', '50000000-0000-0000-0000-000000000005', '60000000-0000-0000-0000-000000000001', '30000000-0000-0000-0000-000000000001', 'Math Midterm', '2025-03-15', 42, 100, '10000000-0000-0000-0000-000000000002', '10000000-0000-0000-0000-000000000002'),
  ('80000000-0000-0000-0005-000000000003', '50000000-0000-0000-0000-000000000005', '60000000-0000-0000-0000-000000000001', '30000000-0000-0000-0000-000000000001', 'Math Quiz 2',  '2025-04-20', 38, 100, '10000000-0000-0000-0000-000000000002', '10000000-0000-0000-0000-000000000002');
INSERT INTO questions (id, test_score_id, question_number, max_score) VALUES
  ('90000000-0000-0000-0005-000000000001', '80000000-0000-0000-0005-000000000001', 'Q1', 50),
  ('90000000-0000-0000-0005-000000000002', '80000000-0000-0000-0005-000000000001', 'Q2', 50),
  ('90000000-0000-0000-0005-000000000003', '80000000-0000-0000-0005-000000000002', 'Q1', 50),
  ('90000000-0000-0000-0005-000000000004', '80000000-0000-0000-0005-000000000002', 'Q2', 50),
  ('90000000-0000-0000-0005-000000000005', '80000000-0000-0000-0005-000000000003', 'Q1', 50),
  ('90000000-0000-0000-0005-000000000006', '80000000-0000-0000-0005-000000000003', 'Q2', 50);
INSERT INTO sub_questions (id, question_id, sub_question_label, score, max_score, topic_id) VALUES
  ('a0000005-0001-0000-0000-000000000001', '90000000-0000-0000-0005-000000000001', 'a', 10, 25, 'b0000000-0000-0000-0000-000000000001'),
  ('a0000005-0001-0000-0000-000000000002', '90000000-0000-0000-0005-000000000001', 'b',  8, 25, 'b0000000-0000-0000-0000-000000000002'),
  ('a0000005-0001-0000-0000-000000000003', '90000000-0000-0000-0005-000000000002', 'a',  7, 25, 'b0000000-0000-0000-0000-000000000003'),
  ('a0000005-0001-0000-0000-000000000004', '90000000-0000-0000-0005-000000000002', 'b', 10, 25, 'b0000000-0000-0000-0000-000000000004'),
  ('a0000005-0001-0000-0000-000000000005', '90000000-0000-0000-0005-000000000003', 'a', 12, 25, 'b0000000-0000-0000-0000-000000000001'),
  ('a0000005-0001-0000-0000-000000000006', '90000000-0000-0000-0005-000000000003', 'b',  9, 25, 'b0000000-0000-0000-0000-000000000002'),
  ('a0000005-0001-0000-0000-000000000007', '90000000-0000-0000-0005-000000000004', 'a', 11, 25, 'b0000000-0000-0000-0000-000000000001'),
  ('a0000005-0001-0000-0000-000000000008', '90000000-0000-0000-0005-000000000004', 'b', 10, 25, 'b0000000-0000-0000-0000-000000000003'),
  ('a0000005-0001-0000-0000-000000000009', '90000000-0000-0000-0005-000000000005', 'a',  9, 25, 'b0000000-0000-0000-0000-000000000002'),
  ('a0000005-0001-0000-0000-00000000000a', '90000000-0000-0000-0005-000000000005', 'b', 10, 25, 'b0000000-0000-0000-0000-000000000004'),
  ('a0000005-0001-0000-0000-00000000000b', '90000000-0000-0000-0005-000000000006', 'a', 10, 25, 'b0000000-0000-0000-0000-000000000001'),
  ('a0000005-0001-0000-0000-00000000000c', '90000000-0000-0000-0005-000000000006', 'b',  9, 25, 'b0000000-0000-0000-0000-000000000003');

-- ============================================================
-- MATH CLASS — StrugglingStudent Fiona (student 06) — scores: 40, 32, 45
-- ============================================================
INSERT INTO test_scores (id, student_id, class_id, teacher_id, test_name, test_date, overall_score, max_score, created_by, updated_by) VALUES
  ('80000000-0000-0000-0006-000000000001', '50000000-0000-0000-0000-000000000006', '60000000-0000-0000-0000-000000000001', '30000000-0000-0000-0000-000000000001', 'Math Quiz 1',  '2025-02-10', 40, 100, '10000000-0000-0000-0000-000000000002', '10000000-0000-0000-0000-000000000002'),
  ('80000000-0000-0000-0006-000000000002', '50000000-0000-0000-0000-000000000006', '60000000-0000-0000-0000-000000000001', '30000000-0000-0000-0000-000000000001', 'Math Midterm', '2025-03-15', 32, 100, '10000000-0000-0000-0000-000000000002', '10000000-0000-0000-0000-000000000002'),
  ('80000000-0000-0000-0006-000000000003', '50000000-0000-0000-0000-000000000006', '60000000-0000-0000-0000-000000000001', '30000000-0000-0000-0000-000000000001', 'Math Quiz 2',  '2025-04-20', 45, 100, '10000000-0000-0000-0000-000000000002', '10000000-0000-0000-0000-000000000002');
INSERT INTO questions (id, test_score_id, question_number, max_score) VALUES
  ('90000000-0000-0000-0006-000000000001', '80000000-0000-0000-0006-000000000001', 'Q1', 50),
  ('90000000-0000-0000-0006-000000000002', '80000000-0000-0000-0006-000000000001', 'Q2', 50),
  ('90000000-0000-0000-0006-000000000003', '80000000-0000-0000-0006-000000000002', 'Q1', 50),
  ('90000000-0000-0000-0006-000000000004', '80000000-0000-0000-0006-000000000002', 'Q2', 50),
  ('90000000-0000-0000-0006-000000000005', '80000000-0000-0000-0006-000000000003', 'Q1', 50),
  ('90000000-0000-0000-0006-000000000006', '80000000-0000-0000-0006-000000000003', 'Q2', 50);
INSERT INTO sub_questions (id, question_id, sub_question_label, score, max_score, topic_id) VALUES
  ('a0000006-0001-0000-0000-000000000001', '90000000-0000-0000-0006-000000000001', 'a', 12, 25, 'b0000000-0000-0000-0000-000000000001'),
  ('a0000006-0001-0000-0000-000000000002', '90000000-0000-0000-0006-000000000001', 'b',  8, 25, 'b0000000-0000-0000-0000-000000000002'),
  ('a0000006-0001-0000-0000-000000000003', '90000000-0000-0000-0006-000000000002', 'a', 10, 25, 'b0000000-0000-0000-0000-000000000003'),
  ('a0000006-0001-0000-0000-000000000004', '90000000-0000-0000-0006-000000000002', 'b', 10, 25, 'b0000000-0000-0000-0000-000000000004'),
  ('a0000006-0001-0000-0000-000000000005', '90000000-0000-0000-0006-000000000003', 'a', 11, 25, 'b0000000-0000-0000-0000-000000000001'),
  ('a0000006-0001-0000-0000-000000000006', '90000000-0000-0000-0006-000000000003', 'b',  9, 25, 'b0000000-0000-0000-0000-000000000002'),
  ('a0000006-0001-0000-0000-000000000007', '90000000-0000-0000-0006-000000000004', 'a',  7, 25, 'b0000000-0000-0000-0000-000000000001'),
  ('a0000006-0001-0000-0000-000000000008', '90000000-0000-0000-0006-000000000004', 'b',  9, 25, 'b0000000-0000-0000-0000-000000000003'),
  ('a0000006-0001-0000-0000-000000000009', '90000000-0000-0000-0006-000000000005', 'a', 12, 25, 'b0000000-0000-0000-0000-000000000002'),
  ('a0000006-0001-0000-0000-00000000000a', '90000000-0000-0000-0006-000000000005', 'b', 11, 25, 'b0000000-0000-0000-0000-000000000004'),
  ('a0000006-0001-0000-0000-00000000000b', '90000000-0000-0000-0006-000000000006', 'a', 11, 25, 'b0000000-0000-0000-0000-000000000001'),
  ('a0000006-0001-0000-0000-00000000000c', '90000000-0000-0000-0006-000000000006', 'b', 11, 25, 'b0000000-0000-0000-0000-000000000003');

-- ============================================================
-- PHYSICS CLASS — GoodStudent Grace (student 07) — scores: 88, 92, 85
-- ============================================================
INSERT INTO test_scores (id, student_id, class_id, teacher_id, test_name, test_date, overall_score, max_score, created_by, updated_by) VALUES
  ('80000000-0000-0000-0007-000000000001', '50000000-0000-0000-0000-000000000007', '60000000-0000-0000-0000-000000000002', '30000000-0000-0000-0000-000000000002', 'Physics Quiz 1',  '2025-02-12', 88, 100, '10000000-0000-0000-0000-000000000003', '10000000-0000-0000-0000-000000000003'),
  ('80000000-0000-0000-0007-000000000002', '50000000-0000-0000-0000-000000000007', '60000000-0000-0000-0000-000000000002', '30000000-0000-0000-0000-000000000002', 'Physics Midterm', '2025-03-18', 92, 100, '10000000-0000-0000-0000-000000000003', '10000000-0000-0000-0000-000000000003'),
  ('80000000-0000-0000-0007-000000000003', '50000000-0000-0000-0000-000000000007', '60000000-0000-0000-0000-000000000002', '30000000-0000-0000-0000-000000000002', 'Physics Quiz 2',  '2025-04-22', 85, 100, '10000000-0000-0000-0000-000000000003', '10000000-0000-0000-0000-000000000003');
INSERT INTO questions (id, test_score_id, question_number, max_score) VALUES
  ('90000000-0000-0000-0007-000000000001', '80000000-0000-0000-0007-000000000001', 'Q1', 50),
  ('90000000-0000-0000-0007-000000000002', '80000000-0000-0000-0007-000000000001', 'Q2', 50),
  ('90000000-0000-0000-0007-000000000003', '80000000-0000-0000-0007-000000000002', 'Q1', 50),
  ('90000000-0000-0000-0007-000000000004', '80000000-0000-0000-0007-000000000002', 'Q2', 50),
  ('90000000-0000-0000-0007-000000000005', '80000000-0000-0000-0007-000000000003', 'Q1', 50),
  ('90000000-0000-0000-0007-000000000006', '80000000-0000-0000-0007-000000000003', 'Q2', 50);
INSERT INTO sub_questions (id, question_id, sub_question_label, score, max_score, topic_id) VALUES
  ('a0000007-0001-0000-0000-000000000001', '90000000-0000-0000-0007-000000000001', 'a', 23, 25, 'b0000000-0000-0000-0000-000000000007'),
  ('a0000007-0001-0000-0000-000000000002', '90000000-0000-0000-0007-000000000001', 'b', 21, 25, 'b0000000-0000-0000-0000-000000000008'),
  ('a0000007-0001-0000-0000-000000000003', '90000000-0000-0000-0007-000000000002', 'a', 22, 25, 'b0000000-0000-0000-0000-000000000009'),
  ('a0000007-0001-0000-0000-000000000004', '90000000-0000-0000-0007-000000000002', 'b', 22, 25, 'b0000000-0000-0000-0000-00000000000a'),
  ('a0000007-0001-0000-0000-000000000005', '90000000-0000-0000-0007-000000000003', 'a', 24, 25, 'b0000000-0000-0000-0000-000000000007'),
  ('a0000007-0001-0000-0000-000000000006', '90000000-0000-0000-0007-000000000003', 'b', 22, 25, 'b0000000-0000-0000-0000-000000000008'),
  ('a0000007-0001-0000-0000-000000000007', '90000000-0000-0000-0007-000000000004', 'a', 24, 25, 'b0000000-0000-0000-0000-000000000009'),
  ('a0000007-0001-0000-0000-000000000008', '90000000-0000-0000-0007-000000000004', 'b', 22, 25, 'b0000000-0000-0000-0000-000000000007'),
  ('a0000007-0001-0000-0000-000000000009', '90000000-0000-0000-0007-000000000005', 'a', 21, 25, 'b0000000-0000-0000-0000-000000000008'),
  ('a0000007-0001-0000-0000-00000000000a', '90000000-0000-0000-0007-000000000005', 'b', 22, 25, 'b0000000-0000-0000-0000-00000000000a'),
  ('a0000007-0001-0000-0000-00000000000b', '90000000-0000-0000-0007-000000000006', 'a', 21, 25, 'b0000000-0000-0000-0000-000000000007'),
  ('a0000007-0001-0000-0000-00000000000c', '90000000-0000-0000-0007-000000000006', 'b', 21, 25, 'b0000000-0000-0000-0000-000000000009');

-- ============================================================
-- PHYSICS CLASS — GoodStudent Henry (student 08) — scores: 80, 85, 82
-- ============================================================
INSERT INTO test_scores (id, student_id, class_id, teacher_id, test_name, test_date, overall_score, max_score, created_by, updated_by) VALUES
  ('80000000-0000-0000-0008-000000000001', '50000000-0000-0000-0000-000000000008', '60000000-0000-0000-0000-000000000002', '30000000-0000-0000-0000-000000000002', 'Physics Quiz 1',  '2025-02-12', 80, 100, '10000000-0000-0000-0000-000000000003', '10000000-0000-0000-0000-000000000003'),
  ('80000000-0000-0000-0008-000000000002', '50000000-0000-0000-0000-000000000008', '60000000-0000-0000-0000-000000000002', '30000000-0000-0000-0000-000000000002', 'Physics Midterm', '2025-03-18', 85, 100, '10000000-0000-0000-0000-000000000003', '10000000-0000-0000-0000-000000000003'),
  ('80000000-0000-0000-0008-000000000003', '50000000-0000-0000-0000-000000000008', '60000000-0000-0000-0000-000000000002', '30000000-0000-0000-0000-000000000002', 'Physics Quiz 2',  '2025-04-22', 82, 100, '10000000-0000-0000-0000-000000000003', '10000000-0000-0000-0000-000000000003');
INSERT INTO questions (id, test_score_id, question_number, max_score) VALUES
  ('90000000-0000-0000-0008-000000000001', '80000000-0000-0000-0008-000000000001', 'Q1', 50),
  ('90000000-0000-0000-0008-000000000002', '80000000-0000-0000-0008-000000000001', 'Q2', 50),
  ('90000000-0000-0000-0008-000000000003', '80000000-0000-0000-0008-000000000002', 'Q1', 50),
  ('90000000-0000-0000-0008-000000000004', '80000000-0000-0000-0008-000000000002', 'Q2', 50),
  ('90000000-0000-0000-0008-000000000005', '80000000-0000-0000-0008-000000000003', 'Q1', 50),
  ('90000000-0000-0000-0008-000000000006', '80000000-0000-0000-0008-000000000003', 'Q2', 50);
INSERT INTO sub_questions (id, question_id, sub_question_label, score, max_score, topic_id) VALUES
  ('a0000008-0001-0000-0000-000000000001', '90000000-0000-0000-0008-000000000001', 'a', 20, 25, 'b0000000-0000-0000-0000-000000000007'),
  ('a0000008-0001-0000-0000-000000000002', '90000000-0000-0000-0008-000000000001', 'b', 20, 25, 'b0000000-0000-0000-0000-000000000008'),
  ('a0000008-0001-0000-0000-000000000003', '90000000-0000-0000-0008-000000000002', 'a', 21, 25, 'b0000000-0000-0000-0000-000000000009'),
  ('a0000008-0001-0000-0000-000000000004', '90000000-0000-0000-0008-000000000002', 'b', 22, 25, 'b0000000-0000-0000-0000-00000000000a'),
  ('a0000008-0001-0000-0000-000000000005', '90000000-0000-0000-0008-000000000003', 'a', 22, 25, 'b0000000-0000-0000-0000-000000000007'),
  ('a0000008-0001-0000-0000-000000000006', '90000000-0000-0000-0008-000000000003', 'b', 20, 25, 'b0000000-0000-0000-0000-000000000008'),
  ('a0000008-0001-0000-0000-000000000007', '90000000-0000-0000-0008-000000000004', 'a', 22, 25, 'b0000000-0000-0000-0000-000000000009'),
  ('a0000008-0001-0000-0000-000000000008', '90000000-0000-0000-0008-000000000004', 'b', 20, 25, 'b0000000-0000-0000-0000-000000000007'),
  ('a0000008-0001-0000-0000-000000000009', '90000000-0000-0000-0008-000000000005', 'a', 21, 25, 'b0000000-0000-0000-0000-000000000008'),
  ('a0000008-0001-0000-0000-00000000000a', '90000000-0000-0000-0008-000000000005', 'b', 20, 25, 'b0000000-0000-0000-0000-00000000000a'),
  ('a0000008-0001-0000-0000-00000000000b', '90000000-0000-0000-0008-000000000006', 'a', 21, 25, 'b0000000-0000-0000-0000-000000000007'),
  ('a0000008-0001-0000-0000-00000000000c', '90000000-0000-0000-0008-000000000006', 'b', 20, 25, 'b0000000-0000-0000-0000-000000000009');

-- ============================================================
-- PHYSICS CLASS — StrugglingStudent Irene (student 09) — scores: 30, 28, 35
-- ============================================================
INSERT INTO test_scores (id, student_id, class_id, teacher_id, test_name, test_date, overall_score, max_score, created_by, updated_by) VALUES
  ('80000000-0000-0000-0009-000000000001', '50000000-0000-0000-0000-000000000009', '60000000-0000-0000-0000-000000000002', '30000000-0000-0000-0000-000000000002', 'Physics Quiz 1',  '2025-02-12', 30, 100, '10000000-0000-0000-0000-000000000003', '10000000-0000-0000-0000-000000000003'),
  ('80000000-0000-0000-0009-000000000002', '50000000-0000-0000-0000-000000000009', '60000000-0000-0000-0000-000000000002', '30000000-0000-0000-0000-000000000002', 'Physics Midterm', '2025-03-18', 28, 100, '10000000-0000-0000-0000-000000000003', '10000000-0000-0000-0000-000000000003'),
  ('80000000-0000-0000-0009-000000000003', '50000000-0000-0000-0000-000000000009', '60000000-0000-0000-0000-000000000002', '30000000-0000-0000-0000-000000000002', 'Physics Quiz 2',  '2025-04-22', 35, 100, '10000000-0000-0000-0000-000000000003', '10000000-0000-0000-0000-000000000003');
INSERT INTO questions (id, test_score_id, question_number, max_score) VALUES
  ('90000000-0000-0000-0009-000000000001', '80000000-0000-0000-0009-000000000001', 'Q1', 50),
  ('90000000-0000-0000-0009-000000000002', '80000000-0000-0000-0009-000000000001', 'Q2', 50),
  ('90000000-0000-0000-0009-000000000003', '80000000-0000-0000-0009-000000000002', 'Q1', 50),
  ('90000000-0000-0000-0009-000000000004', '80000000-0000-0000-0009-000000000002', 'Q2', 50),
  ('90000000-0000-0000-0009-000000000005', '80000000-0000-0000-0009-000000000003', 'Q1', 50),
  ('90000000-0000-0000-0009-000000000006', '80000000-0000-0000-0009-000000000003', 'Q2', 50);
INSERT INTO sub_questions (id, question_id, sub_question_label, score, max_score, topic_id) VALUES
  ('a0000009-0001-0000-0000-000000000001', '90000000-0000-0000-0009-000000000001', 'a',  8, 25, 'b0000000-0000-0000-0000-000000000007'),
  ('a0000009-0001-0000-0000-000000000002', '90000000-0000-0000-0009-000000000001', 'b',  7, 25, 'b0000000-0000-0000-0000-000000000008'),
  ('a0000009-0001-0000-0000-000000000003', '90000000-0000-0000-0009-000000000002', 'a',  6, 25, 'b0000000-0000-0000-0000-000000000009'),
  ('a0000009-0001-0000-0000-000000000004', '90000000-0000-0000-0009-000000000002', 'b',  9, 25, 'b0000000-0000-0000-0000-00000000000a'),
  ('a0000009-0001-0000-0000-000000000005', '90000000-0000-0000-0009-000000000003', 'a',  7, 25, 'b0000000-0000-0000-0000-000000000007'),
  ('a0000009-0001-0000-0000-000000000006', '90000000-0000-0000-0009-000000000003', 'b',  8, 25, 'b0000000-0000-0000-0000-000000000008'),
  ('a0000009-0001-0000-0000-000000000007', '90000000-0000-0000-0009-000000000004', 'a',  6, 25, 'b0000000-0000-0000-0000-000000000009'),
  ('a0000009-0001-0000-0000-000000000008', '90000000-0000-0000-0009-000000000004', 'b',  8, 25, 'b0000000-0000-0000-0000-000000000007'),
  ('a0000009-0001-0000-0000-000000000009', '90000000-0000-0000-0009-000000000005', 'a',  9, 25, 'b0000000-0000-0000-0000-000000000008'),
  ('a0000009-0001-0000-0000-00000000000a', '90000000-0000-0000-0009-000000000005', 'b',  9, 25, 'b0000000-0000-0000-0000-00000000000a'),
  ('a0000009-0001-0000-0000-00000000000b', '90000000-0000-0000-0009-000000000006', 'a',  8, 25, 'b0000000-0000-0000-0000-000000000007'),
  ('a0000009-0001-0000-0000-00000000000c', '90000000-0000-0000-0009-000000000006', 'b',  9, 25, 'b0000000-0000-0000-0000-000000000009');

-- ============================================================
-- PHYSICS CLASS — StrugglingStudent Jack (student 10) — scores: 38, 33, 40
-- ============================================================
INSERT INTO test_scores (id, student_id, class_id, teacher_id, test_name, test_date, overall_score, max_score, created_by, updated_by) VALUES
  ('80000000-0000-0000-000a-000000000001', '50000000-0000-0000-0000-000000000010', '60000000-0000-0000-0000-000000000002', '30000000-0000-0000-0000-000000000002', 'Physics Quiz 1',  '2025-02-12', 38, 100, '10000000-0000-0000-0000-000000000003', '10000000-0000-0000-0000-000000000003'),
  ('80000000-0000-0000-000a-000000000002', '50000000-0000-0000-0000-000000000010', '60000000-0000-0000-0000-000000000002', '30000000-0000-0000-0000-000000000002', 'Physics Midterm', '2025-03-18', 33, 100, '10000000-0000-0000-0000-000000000003', '10000000-0000-0000-0000-000000000003'),
  ('80000000-0000-0000-000a-000000000003', '50000000-0000-0000-0000-000000000010', '60000000-0000-0000-0000-000000000002', '30000000-0000-0000-0000-000000000002', 'Physics Quiz 2',  '2025-04-22', 40, 100, '10000000-0000-0000-0000-000000000003', '10000000-0000-0000-0000-000000000003');
INSERT INTO questions (id, test_score_id, question_number, max_score) VALUES
  ('90000000-0000-0000-000a-000000000001', '80000000-0000-0000-000a-000000000001', 'Q1', 50),
  ('90000000-0000-0000-000a-000000000002', '80000000-0000-0000-000a-000000000001', 'Q2', 50),
  ('90000000-0000-0000-000a-000000000003', '80000000-0000-0000-000a-000000000002', 'Q1', 50),
  ('90000000-0000-0000-000a-000000000004', '80000000-0000-0000-000a-000000000002', 'Q2', 50),
  ('90000000-0000-0000-000a-000000000005', '80000000-0000-0000-000a-000000000003', 'Q1', 50),
  ('90000000-0000-0000-000a-000000000006', '80000000-0000-0000-000a-000000000003', 'Q2', 50);
INSERT INTO sub_questions (id, question_id, sub_question_label, score, max_score, topic_id) VALUES
  ('a000000a-0001-0000-0000-000000000001', '90000000-0000-0000-000a-000000000001', 'a', 10, 25, 'b0000000-0000-0000-0000-000000000007'),
  ('a000000a-0001-0000-0000-000000000002', '90000000-0000-0000-000a-000000000001', 'b',  9, 25, 'b0000000-0000-0000-0000-000000000008'),
  ('a000000a-0001-0000-0000-000000000003', '90000000-0000-0000-000a-000000000002', 'a',  8, 25, 'b0000000-0000-0000-0000-000000000009'),
  ('a000000a-0001-0000-0000-000000000004', '90000000-0000-0000-000a-000000000002', 'b', 11, 25, 'b0000000-0000-0000-0000-00000000000a'),
  ('a000000a-0001-0000-0000-000000000005', '90000000-0000-0000-000a-000000000003', 'a',  9, 25, 'b0000000-0000-0000-0000-000000000007'),
  ('a000000a-0001-0000-0000-000000000006', '90000000-0000-0000-000a-000000000003', 'b', 10, 25, 'b0000000-0000-0000-0000-000000000008'),
  ('a000000a-0001-0000-0000-000000000007', '90000000-0000-0000-000a-000000000004', 'a',  7, 25, 'b0000000-0000-0000-0000-000000000009'),
  ('a000000a-0001-0000-0000-000000000008', '90000000-0000-0000-000a-000000000004', 'b',  7, 25, 'b0000000-0000-0000-0000-000000000007'),
  ('a000000a-0001-0000-0000-000000000009', '90000000-0000-0000-000a-000000000005', 'a', 10, 25, 'b0000000-0000-0000-0000-000000000008'),
  ('a000000a-0001-0000-0000-00000000000a', '90000000-0000-0000-000a-000000000005', 'b', 11, 25, 'b0000000-0000-0000-0000-00000000000a'),
  ('a000000a-0001-0000-0000-00000000000b', '90000000-0000-0000-000a-000000000006', 'a', 10, 25, 'b0000000-0000-0000-0000-000000000007'),
  ('a000000a-0001-0000-0000-00000000000c', '90000000-0000-0000-000a-000000000006', 'b',  9, 25, 'b0000000-0000-0000-0000-000000000009');
